longitude,latitude,alignment
-295.481832,140.81467500000002,republican
-228.7610196,113.5233792,republican
-246.782583,101.679714,republican
-365.6484525,146.4323457,democrat
-245.295261,91.817889,republican
-281.937537,118.976994,republican
-280.480041,126.210072,republican
-251.23893,111.3711,republican
-314.26664100000005,111.375894,democrat
-285.424296,128.224566,republican
-264.250173,111.071928,republican
-226.134294,119.544489,democrat
-292.46044500000005,106.770153,republican
-279.89808,113.1876,republican
-258.654045,111.682542,republican
-234.0002031,115.5091278,republican
-255.319032,110.633532,republican
-297.703578,89.2930425,republican
-253.5676566,107.54571,republican
-260.179821,98.562153,republican
-253.590087,98.113809,democrat
-291.828678,105.456942,republican
-281.230464,130.13437199999998,republican
-277.016337,131.32739099999998,democrat
-284.8955175,99.6121197,republican
-356.46813,130.92962699999998,republican
-311.498115,136.194981,republican
-230.63073,123.51108,democrat
-290.3043,117.006417,republican
-295.86951,132.19023,republican
-228.899367,118.612287,republican
-255.29553780000003,109.7219862,republican
-336.95576400000004,131.390895,republican
-256.603185,90.47742,republican
-287.541804,133.22758499999998,republican
-271.07356500000003,89.717166,republican
-297.3380478,87.8508843,republican
-249.68361,93.865956,republican
-280.480041,126.210072,republican
-343.786884,132.906297,republican
-229.821087,126.157278,republican
-264.88554,126.993441,republican
-252.194733,103.146954,democrat
-219.8790813,134.3663349,democrat
-339.2584332,117.10948530000002,republican
-248.117139,111.576975,republican
-254.92760400000003,117.422691,republican
-301.1963244,96.8157918,republican
-300.652077,109.71842999999998,republican
-273.13030200000003,92.519352,republican
-244.048785,99.749418,republican
-292.46044500000005,106.770153,republican
-283.131501,111.249348,republican
-271.63104300000003,114.77289,republican
-298.527828,125.70837,republican
-256.467675,122.528091,republican
-306.9984363,99.4542762,republican
-252.223068,125.688069,republican
-292.853322,130.802076,republican
-368.026833,127.234863,republican
-254.663826,103.490763,democrat
-237.1553382,114.5019522,democrat
-217.991082,127.018377,democrat
-265.990287,96.041406,democrat
-250.652598,133.268751,republican
-262.051203,97.826985,republican
-301.2497121,87.979248,republican
-228.247215,117.122079,republican
-252.85788,124.947108,republican
-271.868367,117.448329,republican
-281.407917,117.206115,republican
-255.902808,115.420956,republican
-301.6423107,95.6085678,republican
-294.1179381,90.1343703,republican
-232.3392495,113.234349,republican
-255.040506,101.338005,republican
-253.168386,99.243447,republican
-264.673764,121.789617,republican
-266.1267459,135.04630709999998,democrat
-259.69932,101.932074,republican
-243.397236,98.646996,democrat
-253.783575,122.619741,republican
-268.883196,107.288853,republican
-243.396897,109.468068,republican
-244.814871,124.665111,democrat
-271.398051,96.80336400000002,democrat
-229.445661,125.13606,democrat
-250.79226,118.03353,republican
-262.797156,113.421519,republican
-293.3172414,96.6827439,republican
-233.57259600000003,107.416662,republican
-333.982551,126.857676,republican
-249.298023,115.137741,republican
-257.684619,127.617885,republican
-287.266992,117.125415,republican
-254.52477,115.498185,republican
-264.262293,101.361255,republican
-253.752972,124.694877,republican
-268.0435287,130.3925787,republican
-300.7898292,106.1765706,republican
-272.22531000000004,123.616815,republican
-305.455794,100.7493723,republican
-230.44615800000005,109.480563,republican
-260.70052200000003,116.684637,republican
-334.7303475,118.0818915,republican
-232.808226,107.751231,democrat
-263.455872,95.056563,republican
-231.343254,128.756028,republican
-368.121954,136.408689,democrat
-309.629235,119.89737,republican
-292.46044500000005,106.770153,republican
-280.9647,99.29457,republican
-364.528191,114.75141,democrat
-259.824747,123.842721,republican
-240.266757,126.363879,republican
-284.927289,104.693616,republican
-277.333878,104.686578,republican
-234.944238,110.0395449,republican
-290.936919,131.82683400000002,republican
-264.6432963,132.2253258,republican
-279.968964,113.81073,republican
-280.476435,123.014775,republican
-290.0729526,122.8547055,democrat
-256.631052,136.855662,republican
-261.302424,108.765507,republican
-290.240955,128.55581999999998,republican
-316.7326056,132.5725194,republican
-240.929361,123.311844,republican
-287.900571,106.83754199999998,republican
-328.9859697,116.8903911,republican
-244.0674846,117.0861468,republican
-290.843124,84.5963628,republican
-305.123574,112.68899100000002,republican
-248.793189,95.740923,republican
-291.47148780000003,110.5153386,republican
-331.60479,136.38924300000002,republican
-252.345705,116.041095,republican
-258.102789,102.142923,republican
-228.092727,127.318734,republican
-251.813163,107.978181,republican
-289.0493316,92.0979567,republican
-350.902548,140.615172,republican
-266.810091,114.61077,republican
-222.796374,125.841636,democrat
-243.200244,109.112895,republican
-242.1669,123.431841,democrat
-285.030894,140.509878,republican
-316.83834,110.26173,republican
-242.311188,123.03264,democrat
-294.420045,121.06194,republican
-233.333616,128.351403,republican
-301.330995,124.626468,republican
-246.224994,100.084458,democrat
-238.042581,107.916342,republican
-220.318284,129.937131,republican
-296.354391,116.715477,republican
-293.1575514,85.1613537,republican
-255.241581,100.746711,republican
-287.720385,104.170752,republican
-277.756482,125.802279,republican
-292.46044500000005,106.770153,republican
-332.82042,143.34351,republican
-300.27384,139.698492,republican
-273.70242299999995,98.19051,democrat
-216.29856,124.06695,democrat
-313.609479,114.879702,republican
-284.639925,116.68129199999998,republican
-230.815809,127.259328,republican
-295.62783,139.41783,republican
-271.106376,137.02988100000002,republican
-297.6053514,99.4713243,republican
-318.357687,145.952142,republican
-309.271392,122.184273,republican
-248.99602500000003,116.444667,republican
-254.808402,122.23719,republican
-231.39909,125.72603999999998,republican
-270.0598854,133.3552851,republican
-217.1290599,131.9851056,democrat
-278.801169,92.312043,republican
-220.83036,127.54773,democrat
-230.993406,116.91798,democrat
-311.75322,110.53506,republican
-317.0437899,125.00521410000002,republican
-274.18022399999995,129.102075,republican
-355.4503086,145.4210802,republican
-265.9549581,132.2091042,republican
-262.754004,122.48075699999998,republican
-230.181417,119.888994,republican
-334.099017,98.755563,republican
-259.44006,126.32928,republican
-280.716519,125.01806100000002,republican
-306.943779,128.290368,republican
-239.694273,108.230409,democrat
-297.387162,122.25423,republican
-262.375962,119.240055,republican
-259.93390800000003,123.853437,republican
-231.4758006,110.08781340000002,republican
-272.746272,95.91843,democrat
-291.506559,118.034892,republican
-283.3438878,100.2596658,republican
-243.504066,104.079855,republican
-250.763331,92.36832,republican
-231.5493342,116.8016481,republican
-276.49212,103.14195,democrat
-256.059144,97.812192,republican
-370.0357686,138.8382669,republican
-266.938422,110.042394,republican
-280.480041,126.210072,republican
-270.416718,97.661307,republican
-268.22193,122.11095,republican
-260.966166,94.292778,republican
-283.930806,127.158183,republican
-269.753127,95.707515,republican
-281.355036,115.205433,republican
-299.15346780000004,85.14658469999999,democrat
-290.050359,120.765702,republican
-250.476957,113.186127,republican
-277.547676,110.839551,republican
-292.74261,137.211132,republican
-249.90126,91.25898,republican
-280.11947100000003,134.71242,democrat
-257.74293900000004,108.415041,republican
-294.152577,121.571007,republican
-252.334599,123.058971,republican
-258.3996468,109.1647128,republican
-253.123647,118.345476,republican
-244.210038,106.202322,republican
-240.184272,119.747241,republican
-267.583917,120.94566,republican
-262.741569,114.952194,republican
-217.083117,125.647659,democrat
-290.286306,133.065273,republican
-368.692743,131.785002,democrat
-253.380819,127.723005,republican
-254.892897,116.821581,republican
-282.04555200000004,123.991866,republican
-263.116794,108.857346,republican
-364.938504,128.05128299999998,republican
-212.037012,129.499383,democrat
-250.852662,98.41314599999998,democrat
-270.555435,101.615163,republican
-242.341041,101.02434,republican
-231.2070852,113.0822166,republican
-273.622389,123.610581,republican
-299.155053,128.62644,republican
-260.821647,100.611984,republican
-249.002226,114.974679,republican
-293.010552,115.128906,republican
-267.774762,96.957594,republican
-319.8422445,132.0466914,republican
-261.655911,123.081777,republican
-265.877178,118.910688,republican
-279.98359500000004,96.002256,republican
-279.735276,123.706791,republican
-205.47897,136.100382,democrat
-286.1223741,89.4359307,democrat
-247.264521,93.152643,republican
-341.249067,107.153115,republican
-219.57864,127.53774,democrat
-272.6815422,129.6814917,republican
-278.482854,117.13011,republican
-275.401197,98.460024,republican
-230.17444290000003,110.6861031,republican
-287.8521702,92.8654758,republican
-292.5325908,88.33096649999999,republican
-262.340097,94.985739,republican
-294.721689,93.5284089,republican
-247.100754,90.16284,republican
-231.046281,115.418559,democrat
-286.4980125,87.54482999999999,republican
-372.282402,129.55773,republican
-314.777961,117.976242,republican
-239.197683,103.61047200000002,democrat
-269.685255,100.897857,democrat
-351.87645000000003,102.314382,democrat
-269.2462296,106.498044,republican
-293.29698,120.017271,republican
-277.222416,136.2955719,republican
-280.480041,126.210072,republican
-280.020759,91.935054,republican
-256.853604,105.4523421,republican
-242.08188,122.66517,republican
-236.8250766,118.1519715,republican
-254.386377,130.848099,republican
-266.8951257,133.4783667,republican
-288.016143,119.373129,republican
-332.76522,139.7571,republican
-281.710044,133.172592,republican
-236.098251,102.872148,republican
-279.893364,137.84328,republican
-292.46044500000005,106.770153,republican
-269.842443,110.554671,republican
-263.371359,108.122466,republican
-286.24503300000003,107.830257,republican
-294.299334,115.151697,republican
-270.04955099999995,95.512812,republican
-303.8567211,100.7336454,republican
-277.139448,127.473591,democrat
-294.64434,122.69169,republican
-289.5239226,93.1017174,republican
-266.62269,109.51269,republican
-308.4448116,102.1047582,republican
-262.123011,124.416741,democrat
-295.5948942,86.5663302,republican
-248.65548,111.607797,republican
-279.32742299999995,95.12964,republican
-292.46044500000005,106.770153,republican
-300.949749,111.715071,republican
-248.09298,115.5519,republican
-351.5970519,136.6747824,republican
-256.182096,98.746512,republican
-268.06944,123.33426,republican
-232.0395243,112.5393573,democrat
-246.157368,116.2497039,republican
-286.722891,128.164605,republican
-251.49370500000003,113.428701,republican
-316.663596,109.287717,democrat
-248.263758,96.013032,republican
-274.355994,98.37744,republican
-280.85757,117.354213,republican
-264.143658,115.95,republican
-335.7309372,121.9896891,democrat
-343.97169599999995,98.104383,republican
-285.217944,104.90979,republican
-241.5576675,112.6757463,republican
-288.534843,111.078729,republican
-285.876138,114.645342,republican
-262.95332399999995,104.712504,republican
-231.4740951,116.6124249,democrat
-273.350313,90.888084,democrat
-296.541195,128.734476,republican
-275.03958,107.20857,democrat
-319.735539,109.396248,democrat
-272.0889,127.636236,republican
-269.803506,90.16026,democrat
-274.173984,111.457494,republican
-278.87688,123.569859,republican
-242.6047479,118.3658739,republican
-234.5922633,116.6905809,republican
-235.548654,126.348504,republican
-317.372901,112.439799,democrat
-243.4635186,118.111107,republican
-268.723815,112.005867,republican
-263.375049,117.997002,republican
-258.234606,106.466295,republican
-253.405917,136.778526,republican
-273.9120939,134.1772929,democrat
-289.22009610000003,98.6770392,republican
-288.00115800000003,121.035588,republican
-243.36616200000003,95.821473,republican
-253.888488,108.4117227,republican
-267.12161100000003,102.681738,republican
-362.190759,139.2407883,republican
-319.5501,115.82748,democrat
-295.80192,113.88672,republican
-277.333878,104.686578,republican
-275.901081,122.199186,republican
-278.33796,129.408201,republican
-282.5254167,94.1911095,republican
-257.43264,130.00839,republican
-366.36996,120.0813,republican
-238.3092318,110.4365034,republican
-222.71046,124.58276999999998,republican
-315.604263,120.148404,democrat
-268.53264540000004,133.3814793,democrat
-258.773451,97.070964,democrat
-317.012349,119.068209,democrat
-288.4888803,95.0773284,republican
-278.430207,116.541279,republican
-263.417817,126.557904,democrat
-301.960125,129.92719499999998,democrat
-304.982481,134.969292,republican
-244.5269505,115.0284624,republican
-266.738556,113.188713,republican
-280.480041,126.210072,republican
-230.27020650000003,114.3459609,republican
-251.735154,127.807596,republican
-311.584035,114.584658,republican
-297.26679,134.694459,republican
-364.474305,131.48049600000002,republican
-254.347644,136.7817,republican
-257.447817,92.586021,republican
-258.12754800000005,116.735871,republican
-304.77468,116.7342,republican
-290.937147,126.619251,republican
-279.855621,116.182101,republican
-204.700728,133.785393,republican
-217.6460235,130.77718620000002,democrat
-323.72934,118.798056,republican
-228.535428,116.245047,republican
-227.78058,121.241871,republican
-227.824755,118.687062,republican
-213.29724,128.965992,republican
-298.017888,131.406234,republican
-245.32122,102.09405900000002,republican
-299.992557,141.42847799999998,republican
-288.603786,116.865462,republican
-278.884863,118.553907,republican
-244.5557901,117.6164469,republican
-255.859923,109.0188876,republican
-234.4487454,116.07789780000002,republican
-278.305704,143.632689,democrat
-222.028713,128.553561,republican
-303.143889,121.611702,republican
-277.333878,104.686578,democrat
-235.3885719,111.6879879,democrat
-257.500788,107.946657,republican
-265.928973,106.222686,republican
-287.412693,108.18928499999998,republican
-292.9691775,99.6417639,republican
-229.192902,120.994782,republican
-253.533957,101.071992,republican
-238.091844,102.492432,democrat
-359.242104,117.45918,republican
-252.439056,128.854635,republican
-296.217093,144.798489,republican
-357.042171,133.488978,republican
-288.52038300000004,115.956033,republican
-231.62140800000003,117.562245,democrat
-302.275182,142.50546599999998,republican
-246.032091,104.802084,republican
-252.390321,135.07240199999998,republican
-244.865289,91.45488,republican
-296.35629,119.35398,republican
-255.037155,126.72897,republican
-283.831446,136.665705,republican
-316.511814,140.437164,republican
-272.125653,105.075729,republican
-252.340383,129.573222,republican
-293.484846,97.2322665,republican
-274.469151,112.809216,republican
-293.248149,130.01013,republican
-247.241295,119.545197,republican
-229.855899,108.190716,republican
-315.562095,116.609928,republican
-233.444013,118.81086299999998,republican
-267.98604,97.02960000000002,republican
-292.86693,146.38164,republican
-303.89808600000003,112.642611,republican
-242.920677,99.618882,democrat
-224.800212,129.080601,republican
-303.99426,141.354237,republican
-333.3560976,121.0045014,republican
-342.251061,142.928703,republican
-281.564634,112.29705,republican
-321.29016,138.87413999999998,republican
-234.025344,111.9958992,republican
-236.8370784,114.11967,republican
-267.85188300000004,100.836183,republican
-362.035536,136.19764800000002,republican
-241.061838,121.514973,republican
-360.056919,112.718721,republican
-298.08657,129.64094699999998,republican
-282.897258,106.489473,republican
-266.609343,110.081007,republican
-342.49755000000005,141.83946,republican
-243.517839,118.32189300000002,republican
-299.1599916,99.46264920000002,republican
-274.5045,89.38812,republican
-254.624838,97.530591,democrat
-339.6336216,124.07581679999998,republican
-318.900075,116.203797,republican
-291.55496700000003,131.08997699999998,republican
-265.3481388,131.26002419999998,republican
-269.57604000000003,89.60145,republican
-231.9442872,116.4671232,democrat
-272.297775,89.301462,republican
-230.70315,107.424933,republican
-262.8903258,133.563846,republican
-239.627478,120.241314,republican
-221.522724,122.554647,democrat
-247.928445,130.347465,republican
-265.5351,97.56207,republican
-267.201339,135.81843659999998,republican
-297.62578829999995,102.07954709999998,republican
-229.206924,110.3543508,democrat
-232.7304894,109.9217139,democrat
-255.418155,104.700636,republican
-255.91637100000003,104.207406,republican
-313.263642,118.110762,republican
-292.926339,116.471019,republican
-240.440127,120.406173,republican
-252.951993,104.599629,republican
-248.571393,94.528014,democrat
-292.1663292,90.1623348,republican
-243.625815,104.975442,republican
-225.133017,119.962005,republican
-336.3036573,114.932403,republican
-335.893242,130.538907,republican
-291.25257,119.04,republican
-338.5026351,119.0848884,republican
-270.57693,115.894503,democrat
-291.473829,116.603205,republican
-324.679725,141.425751,republican
-282.9390219,96.4103136,republican
-285.675294,118.607844,republican
-271.814697,124.485249,democrat
-215.697606,129.342306,republican
-295.49577,120.54193800000002,republican
-235.484826,102.19478999999998,republican
-269.658114,94.79289,republican
-230.79327,121.10193,democrat
-251.082582,98.426535,democrat
-249.288348,114.350649,republican
-282.816969,134.464971,republican
-268.290708,123.616362,republican
-241.679673,108.142662,republican
-292.3138656,85.9403328,republican
-258.44496,118.824306,republican
-252.318309,122.314881,republican
-299.675178,119.483865,republican
-367.4304570000001,114.767829,democrat
-229.5470835,111.6691122,republican
-371.2120416,143.9995149,republican
-252.358185,111.339804,republican
-231.1815294,112.1117331,democrat
-224.73591,121.695849,republican
-334.970979,131.365842,republican
-232.20831,121.70856,republican
-232.3051986,114.66183,democrat
-263.59841700000004,138.038499,republican
-259.0234542,105.8506887,republican
-254.984283,107.857194,republican
-355.55228520000003,138.6165465,republican
-250.681353,103.76946,republican
-291.747213,106.55628,republican
-280.480041,126.210072,democrat
-259.93932,97.596711,republican
-267.112173,99.236172,republican
-295.42602,116.47503,republican
-248.402688,129.10635,republican
-287.3422044,88.533654,democrat
-295.072269,105.609618,republican
-235.6433673,115.9328583,republican
-221.912436,127.844556,democrat
-257.59146,93.09888,republican
-242.5050294,116.7804318,republican
-347.60381700000005,142.524789,republican
-251.49593400000003,97.71397199999998,republican
-313.7448288,133.7239608,republican
-292.7878923,89.4896913,republican
-277.333878,104.686578,republican
-259.191636,116.537655,republican
-295.540026,123.650553,republican
-281.933922,130.9509,republican
-270.794433,101.715342,democrat
-274.027728,96.004467,democrat
-253.834677,94.61388,republican
-258.960114,95.190933,republican
-292.5061323,84.0010782,republican
-277.79807700000003,141.288147,republican
-235.724277,119.86392,republican
-219.0768648,130.722672,democrat
-229.7713122,112.8664236,republican
-279.101445,113.050749,republican
-247.820739,99.682473,republican
-254.4329154,106.53051,republican
-298.1654517,90.137151,republican
-335.23534770000003,125.1128934,republican
-356.6806449,139.6964088,republican
-232.758366,106.435443,republican
-254.97153,113.791053,republican
-244.28610000000003,106.08456,democrat
-334.95274470000004,123.2352204,republican
-238.7723934,115.1525691,republican
-243.3321582,112.22156189999998,republican
-365.818782,114.801678,democrat
-235.5049548,115.8007062,republican
-264.63721200000003,94.225512,republican
-289.8790461,105.5117817,republican
-213.995379,126.352533,democrat
-275.94982500000003,93.265509,republican
-268.50795,139.057344,republican
-239.822532,98.340978,democrat
-267.72366,126.79838999999998,democrat
-276.83291699999995,97.982922,republican
-286.6568469,92.0387223,republican
-304.04532,107.4444708,republican
-232.5918612,116.4669978,democrat
-244.633455,90.243546,republican
-262.386213,119.562135,republican
-232.6610229,116.2169538,democrat
-239.47878000000003,102.617799,republican
-301.2401517,94.1347677,republican
-296.7259929,90.8862258,republican
-253.263312,126.746937,republican
-276.80127600000003,101.62031100000002,republican
-265.053996,142.101891,republican
-234.7776738,118.6365771,republican
-304.88240399999995,122.572938,republican
-231.21906,122.266236,republican
-280.500681,118.282125,republican
-369.240543,132.20396399999998,republican
-268.769541,122.079411,democrat
-287.791362,118.992648,republican
-241.4770335,117.0221298,republican
-272.387166,107.891931,republican
-241.062714,101.74103399999998,democrat
-289.877514,103.466109,republican
-262.189638,105.661428,republican
-253.5286521,109.31412989999998,republican
-297.22495200000003,122.565795,republican
-246.384903,102.342627,republican
-239.418645,107.129745,republican
-297.283767,138.98588999999998,republican
-238.845189,101.500491,democrat
-277.333878,104.686578,republican
-291.2644962,95.8785255,republican
-268.765866,99.271404,republican
-247.450341,118.471026,republican
-271.258614,94.925505,republican
-229.420452,127.359018,democrat
-244.610334,96.389775,republican
-252.87516900000003,101.317662,republican
-257.133279,107.68353,republican
-289.6436478,88.8298827,republican
-226.147242,129.11009099999998,democrat
-292.195917,118.77381,republican
-271.570263,99.392988,democrat
-329.3556054,112.7578314,republican
-265.455114,101.67009000000002,republican
-268.448373,91.174926,republican
-265.011804,102.810312,democrat
-248.84961,98.56629,republican
-302.3539431,99.4995948,republican
-252.91233,118.67685,democrat
-353.5468233,145.2749907,republican
-280.84563,114.977568,republican
-280.480041,126.210072,republican
-348.792822,138.888846,republican
-367.371072,134.953395,republican
-308.18085,129.55437,democrat
-249.995151,97.306209,republican
-307.094685,144.630219,republican
-247.22085600000003,121.761579,republican
-303.132651,120.530688,republican
-253.874625,106.332669,republican
-257.4359757,134.6636385,republican
-223.597347,121.887303,republican
-255.372072,116.005182,republican
-265.777065,120.027099,republican
-284.3568786,90.2570208,republican
-268.997982,127.04917799999998,republican
-253.833582,133.183551,republican
-302.71908,115.445631,republican
-286.50075,107.11746,republican
-268.309776,116.657772,republican
-342.043014,140.56919399999998,democrat
-280.480041,126.210072,republican
-276.6711,95.1006,republican
-256.82842800000003,94.291962,republican
-263.819049,127.125363,republican
-291.757125,140.78100899999998,republican
-257.398854,98.589924,republican
-263.4758268,109.5278016,republican
-229.6284813,111.5805954,democrat
-314.9612973,126.2769423,republican
-244.822941,105.149388,republican
-289.683981,127.174872,republican
-250.277637,97.997541,republican
-278.62824,111.842412,republican
-238.276794,122.162694,republican
-262.304223,115.395975,republican
-355.0765845,142.6993764,republican
-283.33239000000003,121.21497,republican
-237.754362,107.114982,democrat
-237.749115,124.539912,republican
-271.53885,92.591619,republican
-305.4266481,102.0963894,republican
-244.471908,118.352028,republican
-275.98706100000004,99.042042,republican
-293.752674,124.879203,republican
-266.941068,121.128441,republican
-279.303552,124.707009,republican
-316.469643,106.241472,republican
-223.741686,127.37679599999998,republican
-236.3832156,112.139679,republican
-253.863573,120.394401,republican
-273.57628800000003,92.471454,republican
-247.5906762,122.328966,republican
-238.018827,109.182894,republican
-260.9442,104.43071700000002,republican
-277.333878,104.686578,republican
-285.1290402,100.7155035,republican
-309.2286897,95.4017739,republican
-252.433947,110.274072,republican
-279.893376,137.756346,republican
-233.784162,120.631911,republican
-275.515998,127.410984,republican
-343.244475,129.177495,republican
-269.733015,125.252019,republican
-265.7298516,105.4990125,republican
-245.22861,95.248689,republican
-244.9754124,116.454297,republican
-231.83571,106.72548,republican
-354.74521500000003,101.921853,democrat
-265.926804,92.566293,republican
-221.133477,122.235789,democrat
-324.341166,119.253111,republican
-265.203165,123.87723,republican
-248.107842,92.752959,republican
-273.070638,115.570434,republican
-256.399587,118.867086,republican
-270.63759120000003,138.6764334,republican
-304.4433936,95.5920672,republican
-263.695617,94.778955,republican
-283.0473,114.723522,republican
-242.904459,106.73825399999998,republican
-207.306693,137.746917,republican
-299.5522734,93.9308841,republican
-218.6230857,134.4751953,democrat
-292.99674600000003,102.061125,republican
-264.290592,99.8904,republican
-271.084155,117.240585,republican
-316.15161,100.47609,republican
-253.323912,95.09634,republican
-292.54040100000003,124.730598,republican
-371.203131,117.959847,democrat
-276.019374,118.49481,republican
-249.462186,113.427771,republican
-280.480041,126.210072,republican
-288.0105285,86.6639469,republican
-216.3250827,133.391499,democrat
-288.6874422,87.7363602,republican
-246.59118,105.75951,republican
-268.04442,117.76932,republican
-275.973132,90.72513,republican
-332.4115647,116.9534322,republican
-280.644603,119.335761,republican
-272.686371,94.433319,republican
-267.815208,106.436907,republican
-267.414348,97.87041,republican
-315.053268,120.983286,republican
-365.1998352,145.37882760000002,democrat
-273.556821,91.34772,democrat
-271.56948,103.10031,democrat
-255.472014,118.872252,republican
-246.010971,80.719188,republican
-249.225513,114.42192,republican
-247.170132,86.766951,republican
-248.490366,113.54326799999998,republican
-271.635333,100.67023799999998,democrat
-290.583276,138.945105,republican
-237.208425,101.503749,republican
-246.58455,108.325344,republican
-247.529559,101.722032,democrat
-272.906016,115.090293,republican
-243.13401600000003,107.054934,republican
-247.438599,100.441839,republican
-299.725911,120.57675600000002,republican
-283.922544,138.630729,republican
-257.9202285,108.7608678,republican
-251.759448,92.59386,republican
-269.8961523,130.3205184,republican
-280.480041,126.210072,republican
-246.873687,91.321524,republican
-251.235519,94.853874,democrat
-325.05735000000004,112.407999,republican
-309.7202202,89.5388226,republican
-281.014785,112.634292,democrat
-250.768065,113.806458,republican
-302.44144559999995,108.7677651,republican
-320.987973,141.80155200000002,republican
-281.230938,115.103418,republican
-268.512693,104.29857,democrat
-299.972022,135.322452,republican
-267.25980000000004,124.09527599999998,republican
-251.212923,114.456747,republican
-316.4258835,94.6165881,republican
-295.280142,135.467487,republican
-233.8458921,113.9563323,republican
-256.900368,110.97729,republican
-361.114755,132.48916200000002,republican
-337.731675,103.893213,republican
-311.419086,133.045542,republican
-226.073034,120.129603,republican
-307.57641,122.80914,republican
-239.769984,105.742851,republican
-281.377884,115.159473,republican
-302.940219,93.8793588,republican
-246.27453,108.05703,democrat
-261.914805,95.970246,democrat
-285.87165,128.02077,republican
-213.981252,124.462656,democrat
-249.264996,104.292228,democrat
-279.043593,121.435818,republican
-240.653667,100.994046,democrat
-294.644727,117.308154,republican
-214.214442,126.26604,democrat
-250.478784,100.773351,republican
-233.9312544,118.354062,democrat
-274.148253,129.82489199999998,republican
-292.46044500000005,106.770153,republican
-242.079945,125.101608,republican
-303.5625087,103.4385483,republican
-335.6581944,123.8184117,republican
-253.96065,105.52272,republican
-257.21694,130.334781,republican
-239.684553,109.046493,republican
-249.951474,112.553421,republican
-269.855886,91.230066,republican
-227.51226,123.93525,republican
-250.126074,104.660604,democrat
-279.267084,126.756795,republican
-263.221707,110.634312,republican
-284.289261,117.346152,democrat
-359.121405,103.265691,democrat
-251.445522,102.956502,republican
-277.333878,104.686578,republican
-259.4056239,109.34901539999998,republican
-263.575956,110.423043,republican
-311.308671,123.620916,republican
-250.101456,101.856555,democrat
-264.668598,119.298234,republican
-282.8775,138.839901,republican
-250.574049,123.890952,republican
-269.291949,116.956806,republican
-224.900184,126.581961,republican
-329.573052,139.490901,republican
-263.281857,117.008361,republican
-264.262437,111.966264,republican
-269.96871,127.4892,republican
-287.9829102,91.5508002,republican
-260.787624,100.63386599999998,republican
-242.1296343,111.9265584,republican
-248.25798000000003,112.71864,republican
-253.837821,91.736061,democrat
-289.741851,94.5785562,republican
-240.0839226,117.3753507,republican
-268.1780355,131.4366732,republican
-278.944209,126.1251,republican
-294.275127,132.056826,republican
-247.712646,97.228758,republican
-219.4419144,129.0377139,democrat
-250.85802,100.321209,democrat
-288.725196,113.63804100000002,republican
-287.9867655,89.8331706,republican
-324.410511,98.276733,democrat
-311.334552,104.750091,republican
-274.463382,95.622621,democrat
-242.1891867,111.1741716,republican
-284.131887,120.178152,republican
-272.0407782,138.6186957,democrat
-325.175784,101.704863,republican
-234.15151200000005,106.388328,republican
-229.584246,112.820925,democrat
-251.660619,130.23726,republican
-232.087089,114.0960915,republican
-270.58944,105.64359000000002,republican
-287.818758,141.863667,republican
-245.914572,98.383689,republican
-302.39394,139.156674,democrat
-282.69036900000003,133.72720199999998,republican
-277.333878,104.686578,republican
-310.449012,102.06362099999998,republican
-244.714329,122.846118,republican
-259.98087,123.30178800000002,republican
-371.304087,139.6004787,republican
-275.578512,115.392762,republican
-245.033628,91.276548,republican
-272.737506,90.619332,republican
-226.994568,125.871261,republican
-323.786691,144.750429,republican
-258.690363,117.585339,republican
-310.09204800000003,141.021132,republican
-250.86096000000003,95.174403,republican
-267.83877900000005,118.636572,republican
-238.432011,104.520069,democrat
-279.684891,129.439863,republican
-329.48274,98.68854,democrat
-306.9331245,100.7142933,republican
-287.98601460000003,93.8145381,republican
-340.529286,128.31886500000002,republican
-277.333878,104.686578,republican
-246.177624,96.131304,republican
-301.220049,121.592841,republican
-238.6821351,117.3770274,republican
-283.03114800000003,109.883865,republican
-256.3892841,107.7737691,republican
-250.026435,122.759334,republican
-221.2287,127.92774,republican
-308.355162,138.173358,republican
-314.35490400000003,104.609346,democrat
-248.118873,119.40341999999998,republican
-260.378283,113.529975,republican
-257.37546899999995,122.405601,republican
-248.394198,83.71602899999999,republican
-242.312121,114.8352783,republican
-252.835086,113.176533,republican
-258.9359994,108.4399974,republican
-347.981418,118.643391,republican
-222.722001,122.152683,democrat
-324.0074346,133.48576350000002,republican
-285.5707086,91.5250731,republican
-247.4735373,108.7909503,republican
-358.4712996,141.357045,republican
-273.596208,92.426025,republican
-285.01191,143.56329,republican
-248.864274,111.459225,republican
-259.770009,120.83844299999998,republican
-218.156496,125.375328,democrat
-251.288928,115.635228,republican
-297.973476,118.038018,republican
-299.6437836,96.8379363,republican
-262.70316,135.686877,republican
-238.102575,100.317981,republican
-363.008493,112.686948,democrat
-233.6513952,113.1613026,republican
-252.76473,95.847999,democrat
-290.895765,114.853683,republican
-246.911862,107.667978,republican
-310.9750971,93.696009,democrat
-257.173836,127.458225,republican
-251.715165,105.04524899999998,democrat
-233.6012649,110.3366988,democrat
-243.520515,124.497966,republican
-355.216899,102.068367,republican
-266.1533502,130.240842,republican
-258.43404300000003,100.162125,republican
-213.515184,133.406898,republican
-316.5138621,129.0607377,republican
-222.718986,118.674249,republican
-305.65760670000003,108.7356882,republican
-297.7570731,83.0950863,democrat
-293.48387280000003,88.9440183,republican
-245.58374100000003,109.359609,republican
-254.813292,109.109676,republican
-244.53762,107.899188,republican
-339.8264484,115.0007082,republican
-287.976945,136.780383,republican
-266.30190930000003,129.0674004,republican
-210.991125,131.425044,democrat
-240.12097950000003,117.9842571,republican
-255.008091,124.19028,republican
-285.588171,130.168833,republican
-231.5394981,116.4150009,republican
-304.265742,142.95961799999998,republican
-252.980271,100.74048,republican
-283.2017592,126.0548679,republican
-264.2039511,127.7187699,republican
-294.210585,140.82765,republican
-293.7188679,86.63755739999999,republican
-225.409884,126.98661,republican
-299.3199543,87.901071,republican
-253.135533,103.208172,republican
-280.480041,126.210072,republican
-236.6920866,113.3266053,republican
-254.445642,89.03338199999999,republican
-262.611735,117.861783,republican
-290.46662100000003,117.901368,republican
-271.346274,95.600745,democrat
-343.786884,132.906297,republican
-277.333878,104.686578,republican
-283.8543531,93.7633635,republican
-304.0347417,104.7886824,republican
-272.624502,109.95051,republican
-281.7123507,90.3685902,republican
-273.4404861,137.6194902,republican
-245.08764,100.663299,republican
-277.333878,104.686578,republican
-293.4552231,94.1067999,republican
-252.91900200000003,119.693499,republican
-242.707032,123.529923,republican
-268.04442,117.76932,republican
-265.446975,116.240457,republican
-286.118673,124.169823,republican
-252.47775,109.204776,republican
-290.64843,125.16333,republican
-274.807122,113.42346,republican
-262.75849800000003,114.06020999999998,republican
-254.639085,113.43625500000002,republican
-252.135615,115.398558,republican
-251.87275800000003,126.185643,republican
-273.46875,113.987637,republican
-265.905333,116.85801,republican
-247.786656,86.550876,republican
-243.745035,101.77554899999998,republican
-367.209234,126.32625,democrat
-286.54071,101.82948,republican
-299.396925,140.627898,republican
-244.315629,96.053907,republican
-240.622641,107.214975,republican
-239.860965,99.6231,republican
-294.6640497,96.5864568,republican
-254.53638,106.452159,republican
-286.35084,124.5483,republican
-266.17904250000004,108.8707212,republican
-290.003931,132.912585,republican
-249.158481,118.946841,republican
-307.850055,108.93811920000002,republican
-284.552784,113.5683,republican
-318.060075,111.983355,republican
-303.82966109999995,102.0798045,republican
-291.610188,125.946525,republican
-277.333878,104.686578,republican
-271.057017,117.57567600000002,democrat
-278.029686,112.530969,republican
-267.053769,117.003375,republican
-290.10261,126.53166,republican
-333.6370893,124.983858,republican
-305.7570951,96.8025117,republican
-254.92740000000003,120.798465,republican
-277.333878,104.686578,republican
-253.364433,104.071569,republican
-313.515363,117.626901,republican
-362.09433,136.77537,republican
-246.165273,103.586646,republican
-255.565014,101.988045,republican
-278.608059,132.062118,republican
-291.7182303,84.9513036,republican
-297.271044,134.706702,republican
-355.228431,121.318917,republican
-249.958674,129.364377,republican
-255.889872,113.46435300000002,republican
-299.4599376,91.4232393,republican
-297.63426300000003,137.35274700000002,republican
-214.4802,128.59527,democrat
-333.3729264,114.9238902,republican
-254.825691,111.539382,republican
-287.588268,134.147208,republican
-236.8276902,110.241732,republican
-311.196513,127.412004,republican
-210.622305,132.503043,republican
-240.294699,125.291895,republican
-299.1967713,102.7532121,republican
-255.688041,92.398722,republican
-283.1946474,97.5701877,republican
-267.83187,100.82202,republican
-280.35,135.7833,democrat
-307.10484,127.536867,republican
-259.445838,120.372618,republican
-265.904433,93.638538,republican
-373.169808,129.26647200000002,democrat
-292.46044500000005,106.770153,republican
-232.93494,109.50129,republican
-297.3679854,86.50584930000001,democrat
-252.719892,106.31917140000002,republican
-248.243763,101.337093,republican
-288.327375,123.345192,republican
-357.592275,117.066639,republican
-253.171239,123.889971,republican
-280.833306,142.472451,republican
-289.011339,118.146561,republican
-272.64126,123.5901,republican
-235.773369,101.799684,republican
-247.816878,103.519506,republican
-251.027175,95.252205,republican
-283.0531098,99.1682571,republican
-261.56337,119.5443,republican
-291.395265,121.550406,republican
-242.51736,106.50699,republican
-266.420214,136.87532399999998,republican
-249.2919633,110.0523816,republican
-214.184748,127.445154,democrat
-287.3892051,98.6055255,republican
-253.561503,116.833989,republican
-243.067809,76.75836000000001,republican
-292.40477400000003,105.315174,republican
-310.6990608,95.5092132,republican
-273.31371,104.20446,republican
-272.229375,91.221621,republican
-290.341047,146.32812,republican
-352.119552,101.98512,democrat
-299.218674,131.64330900000002,republican
-284.77572,118.76082,republican
-277.333878,104.686578,republican
-302.219901,114.149424,republican
-284.4576525,92.2928484,republican
-252.07911,100.956243,democrat
-291.794262,106.306026,republican
-218.076654,122.830662,republican
-361.8830712,143.4036591,republican
-371.64207,137.067,republican
-297.753879,111.54432599999998,republican
-310.522665,116.98122,republican
-314.687181,116.579226,republican
-298.440342,134.536608,republican
-271.07259600000003,123.082746,republican
-241.2868611,115.4534985,republican
-259.498278,111.887646,republican
-248.794455,109.356267,republican
-228.93204000000003,120.229659,republican
-316.625217,146.383287,republican
-264.309552,92.103426,republican
-290.02816199999995,132.037287,republican
-256.684635,126.793629,democrat
-231.323163,127.403142,republican
-296.275536,112.91571,republican
-266.06392800000003,96.136122,republican
-277.426383,128.542437,republican
-296.0888298,99.4524945,republican
-261.881481,97.917015,democrat
-289.429971,139.087005,republican
-260.227632,125.374146,republican
-250.417371,125.721588,republican
-266.841354,120.458466,republican
-369.243237,137.825796,republican
-246.3951195,113.037153,republican
-273.010605,98.266617,democrat
-227.0230614,113.2266621,republican
-242.863194,97.103367,democrat
-293.36121,123.225711,republican
-247.870113,90.664953,republican
-304.622568,132.864291,republican
-343.786884,132.906297,republican
-280.32063,118.60839,republican
-368.9758491,145.63292610000002,democrat
-281.526561,136.355592,republican
-280.255722,135.847446,republican
-270.274767,96.779322,republican
-292.790115,121.57512,republican
-238.6197009,111.9371715,republican
-291.47535,129.252717,republican
-280.480041,126.210072,republican
-309.035787,123.642708,republican
-253.138749,116.840943,republican
-290.8679076,89.5144905,republican
-274.39628100000004,116.805552,republican
-288.530553,134.999478,republican
-294.63698880000004,101.0568471,republican
-292.46044500000005,106.770153,republican
-249.682479,109.564059,republican
-267.61773,111.64097999999998,republican
-253.42517100000003,102.732951,republican
-343.574628,127.201665,republican
-292.46044500000005,106.770153,republican
-256.40639400000003,122.136198,republican
-292.46044500000005,106.770153,republican
-285.6695256,99.6007977,republican
-280.69233,131.29737,republican
-293.363037,144.647385,republican
-294.140526,120.52947600000002,republican
-273.161664,124.387278,republican
-299.853744,135.04653299999998,republican
-275.127006,90.643929,republican
-250.767063,102.31803,democrat
-298.68117,108.434295,republican
-266.318472,110.658516,republican
-251.424063,115.83675,republican
-263.483976,132.2995023,republican
-251.302812,120.398325,republican
-292.824366,132.06462299999998,republican
-292.007088,98.2540974,republican
-233.927637,121.546113,republican
-228.46106100000003,106.224471,republican
-253.135647,115.324389,republican
-365.42322,116.19555,democrat
-305.043399,120.540495,republican
-323.01435,114.06831,democrat
-275.716197,104.43741,republican
-266.047317,102.87711,republican
-251.53227,110.260257,republican
-277.333878,104.686578,republican
-250.495323,103.055766,republican
-262.996593,113.779371,democrat
-268.4338674,137.0637489,republican
-277.798116,131.964681,republican
-245.737128,94.643535,republican
-278.619186,122.23274700000002,republican
-281.129703,100.088709,republican
-296.541195,128.734476,republican
-299.968863,133.533309,republican
-325.7317653,129.0880008,republican
-293.4136797,98.3317791,republican
-285.35991,117.153339,republican
-313.0624266,126.1971288,republican
-295.507995,122.598081,republican
-250.33797300000003,106.192461,republican
-280.460427,110.717193,republican
-275.770803,114.487845,republican
-265.57527300000004,126.667707,republican
-277.714611,97.166289,republican
-251.530269,126.756651,democrat
-220.981809,124.423551,republican
-275.6983227,134.8000692,republican
-282.657297,103.60782,republican
-293.2384083,80.76155130000001,democrat
-251.042154,110.18678400000002,republican
-237.3497859,111.6474573,republican
-229.604655,117.469026,democrat
-245.325399,119.07105,republican
-282.732753,122.206002,republican
-247.7679156,110.1352419,republican
-316.586634,119.583468,democrat
-296.918547,123.656229,republican
-226.954398,118.778685,democrat
-336.499611,99.68430899999998,democrat
-248.853348,91.495314,republican
-294.3253803,83.4203199,democrat
-245.27613,105.98703,republican
-248.137452,104.621352,republican
-269.574489,119.537649,republican
-328.470516,106.155252,democrat
-247.079073,111.3679104,republican
-280.48976700000003,138.609105,republican
-307.40398500000003,136.450161,republican
-348.166851,101.258658,republican
-248.522913,102.389211,republican
-255.56094,96.869433,democrat
-301.450101,116.745912,republican
-305.143485,124.662219,republican
-248.53482,94.647735,republican
-265.1708829,137.5139919,republican
-251.222028,132.110499,republican
-299.302893,86.5099836,democrat
-263.404371,104.10933599999998,republican
-277.122315,117.885075,republican
-240.0901197,118.9173222,republican
-296.853849,125.720736,republican
-256.19778599999995,120.682629,republican
-248.132499,101.19447,democrat
-226.49055,122.05863,republican
-320.5876935,125.2270422,republican
-264.557088,105.605679,republican
-266.588226,106.711272,republican
-280.480041,126.210072,republican
-277.4037915,135.0937164,republican
-271.723746,126.492678,republican
-281.503002,110.098128,republican
-249.38264100000004,123.35997600000002,republican
-358.5859272,138.50751060000002,republican
-218.723673,124.2205737,democrat
-290.070717,134.26887,republican
-299.58183180000003,98.1407838,republican
-279.58566,136.90572,republican
-336.800616,143.472306,republican
-334.7559468,113.4054201,republican
-238.392387,122.437143,republican
-299.726235,115.441311,republican
-249.526536,98.412798,republican
-246.2014305,114.4712328,republican
-287.481447,125.065752,republican
-306.170388,141.937626,republican
-284.278293,131.002107,republican
-263.5496331,106.9013967,republican
-254.278731,117.779664,republican
-310.868712,125.768514,republican
-246.860709,109.4900019,republican
-321.15258900000003,111.60718500000002,republican
-357.89956800000004,108.400581,republican
-273.159492,100.979502,democrat
-276.8019483,137.5957311,republican
-287.124765,115.950645,republican
-362.3928099,137.6303193,republican
-283.7782353,94.7911509,republican
-237.6200217,117.2023302,republican
-285.163239,115.630041,republican
-239.149422,100.87938599999998,democrat
-213.515658,129.770613,democrat
-273.716994,93.667182,democrat
-249.05634300000003,114.563583,republican
-344.701695,118.254528,republican
-238.6197009,111.9371715,republican
-285.065862,130.950522,republican
-281.550042,113.200965,republican
-248.625816,100.677957,democrat
-276.0305784,133.9054713,republican
-240.622641,107.214975,republican
-361.27245,112.037355,democrat
-229.2519303,111.4610598,republican
-247.037127,116.884803,republican
-292.8599826,83.14613220000001,republican
-296.055156,111.668718,republican
-318.6691182,95.4216552,democrat
-260.5557492,109.4989008,republican
-285.947046,112.692849,republican
-263.238201,91.977654,republican
-233.664318,103.537668,republican
-258.319296,121.84398,republican
-244.6094796,112.7907219,republican
-285.60832500000004,130.322391,republican
-292.46044500000005,106.770153,republican
-293.993892,145.150641,republican
-295.592055,124.691418,republican
-288.733926,112.368078,republican
-212.1045,124.14291,democrat
-349.574004,146.319393,republican
-335.3599449,116.1938868,republican
-258.94491,97.61622,republican
-254.184279,96.208614,republican
-281.184006,121.580847,republican
-285.171561,111.771852,republican
-235.8636621,117.9045327,republican
-302.3676708,106.1135448,republican
-269.849538,126.834219,democrat
-294.391296,112.789092,republican
-233.6347761,117.8864301,republican
-291.49390800000003,142.33881300000002,republican
-270.3953262,127.9897173,republican
-264.746667,95.972862,republican
-248.449998,105.63030899999998,republican
-263.623854,123.333453,republican
-228.360384,127.842804,republican
-267.7041666,132.3310218,republican
-252.686433,120.370854,republican
-258.36846,123.64791300000002,republican
-269.72107200000005,96.859605,republican
-279.88305,111.13017,republican
-301.323684,118.051641,republican
-231.049551,116.712741,democrat
-270.337296,125.37264,republican
-266.646393,112.382127,republican
-286.86918,143.30832,republican
-237.157755,106.352295,republican
-280.695162,120.337623,republican
-270.186762,108.459075,republican
-263.8739244,130.0707123,republican
-230.015742,117.84282,republican
-244.571166,95.477301,republican
-281.977746,121.03686,republican
-292.2943239,93.0244977,republican
-303.924408,113.983383,republican
-235.575888,129.041424,republican
-230.1485763,113.8428324,democrat
-246.899289,97.7733,republican
-368.0794521,138.5995875,republican
-269.6219325,105.5347671,democrat
-235.9571904,111.1248819,republican
-231.526068,114.8358936,republican
-240.0860634,114.9066699,republican
-256.97053800000003,126.405234,republican
-258.342354,121.450611,republican
-271.360698,94.605648,republican
-333.491763,136.554162,democrat
-273.105408,118.379307,republican
-280.678737,94.681206,republican
-254.9235078,104.3907864,republican
-253.934274,119.21643,republican
-281.246667,122.222091,democrat
-277.333878,104.686578,republican
-264.7440216,134.9964159,republican
-290.469399,122.595426,republican
-316.28682,111.832641,democrat
-364.032777,117.81039,republican
-269.23197,122.986779,republican
-255.31488,108.832701,democrat
-260.54834700000004,117.048474,republican
-269.514399,96.392955,republican
-256.505676,123.409278,republican
-247.006206,100.989561,republican
-227.326551,123.330777,republican
-257.412063,103.382745,republican
-249.499875,100.730112,republican
-261.960966,91.589994,republican
-277.230288,131.99849999999998,democrat
-251.5354404,108.8939061,republican
-266.116974,111.648357,republican
-292.497939,133.088907,republican
-294.441645,119.015622,republican
-308.4196245,92.3572311,republican
-262.096038,102.463701,republican
-304.694052,139.270887,republican
-259.975029,122.925954,republican
-209.53268100000005,131.750535,democrat
-263.71872,104.201598,republican
-263.961732,110.699322,republican
-253.81566,116.34852,republican
-246.73209,112.86447,republican
-280.480041,126.210072,republican
-322.01625,138.528888,democrat
-308.471406,132.007047,republican
-214.276098,130.557327,republican
-252.2067,123.994752,republican
-277.333878,104.686578,republican
-274.07958,131.74074000000002,democrat
-296.0911122,91.9989936,republican
-211.582434,132.352005,republican
-249.806985,92.499435,republican
-247.344897,101.376453,republican
-284.78587530000004,98.1791175,republican
-296.86836900000003,140.916672,republican
-257.735541,114.954243,republican
-244.9434591,112.0982271,republican
-247.893492,99.69477899999998,republican
-266.39659500000005,118.154751,republican
-255.215373,123.275727,republican
-229.5315,130.36605,republican
-262.019334,123.575202,republican
-262.996593,113.779371,republican
-277.333878,104.686578,republican
-307.986078,140.451093,republican
-258.311298,114.559362,republican
-259.342371,118.447938,republican
-254.757492,122.128554,democrat
-284.561691,112.517466,republican
-253.661484,96.140073,republican
-263.4253119,105.7497279,republican
-292.666779,118.716669,republican
-280.04715,96.303639,republican
-229.0379406,111.0800103,democrat
-252.685242,120.159978,republican
-294.066987,122.618451,republican
-249.419871,87.988554,republican
-234.8539902,115.2343845,republican
-296.185299,134.69076,republican
-298.328931,109.314051,republican
-248.9655,110.93445,republican
-243.2166714,114.0994824,republican
-220.69707,132.82515,republican
-369.343998,121.943574,republican
-339.71619,139.400112,republican
-258.762558,129.713073,democrat
-290.9298924,86.4079329,republican
-295.2013782,90.7257822,republican
-249.873993,112.460427,republican
-308.417031,100.7715288,republican
-283.02651,118.35834,republican
-281.714691,126.1275,republican
-278.458815,91.958232,republican
-273.22038,112.20264,republican
-287.04591600000003,107.440644,republican
-245.196117,88.781688,republican
-295.785429,129.618555,republican
-287.029728,121.018305,republican
-323.079837,138.637737,republican
-237.360099,108.187578,democrat
-265.319169,100.414272,republican
-286.14388230000003,98.2732425,republican
-276.50700600000005,124.347432,republican
-362.053497,136.507692,republican
-255.97119,121.418016,republican
-320.45556,97.18458,democrat
-256.964838,121.547274,republican
-230.7979155,113.7421776,republican
-340.85931,134.55477000000002,republican
-287.284104,111.336888,republican
-362.168154,117.186096,republican
-338.97150600000003,146.117013,democrat
-280.019475,98.196456,republican
-249.908835,98.643801,republican
-271.556208,113.56932,republican
-267.624003,109.646013,republican
-228.599208,109.169883,republican
-250.972065,129.981144,republican
-298.0837311,96.8431227,republican
-243.92532,99.02379,democrat
-247.450305,120.274515,republican
-339.5899182,121.2188616,republican
-270.164424,101.081184,democrat
-280.480041,126.210072,republican
-248.165352,112.800219,republican
-234.1186566,118.3605729,republican
-304.878969,131.032518,republican
-240.6775701,118.5385818,republican
-256.261815,116.413656,republican
-277.333878,104.686578,republican
-280.480041,126.210072,republican
-250.495734,98.071521,republican
-284.424519,118.98111,republican
-225.848841,129.960207,republican
-230.352591,122.72415,republican
-265.357137,107.897244,republican
-291.9475371,87.27939839999999,republican
-270.3655215,131.8597143,republican
-324.20688,116.22663,republican
-261.903282,101.374674,republican
-323.312535,115.452444,republican
-250.528638,108.832527,republican
-284.498889,115.700316,republican
-237.241266,121.863816,republican
-251.984595,115.00217700000002,republican
-367.498383,136.245114,democrat
-280.771026,107.452767,republican
-277.333878,104.686578,republican
-280.480041,126.210072,republican
-304.0864416,108.7690203,republican
-245.1431847,113.9910993,republican
-251.002923,134.988987,republican
-296.2439691,79.6891227,democrat
-258.73044600000003,98.794335,republican
-264.721857,117.819363,republican
-245.565144,123.329925,republican
-278.711547,136.51633199999998,republican
-230.029257,128.772945,republican
-304.0061685,106.0909689,republican
-247.615857,124.126974,republican
-241.019319,82.468446,republican
-255.358941,115.354149,republican
-276.575409,97.547934,republican
-353.54694600000005,135.486165,republican
-264.683892,113.306031,republican
-275.528118,88.818039,republican
-230.1485763,113.8428324,republican
-241.430049,78.580605,democrat
-254.578242,105.461742,republican
-293.617629,117.008343,republican
-241.1369634,117.8460669,republican
-259.749915,110.221794,republican
-244.541193,124.785147,republican
-337.980213,137.688696,democrat
-306.842844,136.359663,republican
-240.365712,120.917514,republican
-335.8818,146.98833000000002,republican
-248.748786,128.020428,republican
-259.981641,101.548632,democrat
-247.99191,98.083752,republican
-285.80925,109.31208,republican
-245.948934,93.592002,republican
-273.5949525,139.4130723,democrat
-304.97445600000003,146.13834599999998,republican
-275.552364,129.878967,republican
-317.601702,118.743294,republican
-250.15896,126.84429,democrat
-239.172519,104.922402,republican
-307.8127341,96.80728589999998,republican
-289.20008099999995,143.322762,republican
-252.680781,91.43235,republican
-270.08026800000005,105.996924,republican
-275.770338,116.506641,republican
-268.90385100000003,112.302654,republican
-360.547269,110.784858,republican
-301.6152543,91.5364899,republican
-290.9945118,92.2880601,republican
-236.609256,127.030008,republican
-284.5014,126.127641,republican
-369.463428,129.858984,republican
-301.37912400000005,119.350626,republican
-317.671671,103.664934,republican
-311.541402,134.03432099999998,republican
-320.53969170000005,128.8461024,republican
-318.987744,121.990296,republican
-252.640854,111.872226,republican
-301.408599,140.936487,republican
-328.144728,136.97563499999998,republican
-288.2426766,99.3484701,republican
-270.491673,97.279527,democrat
-261.2226,124.846782,republican
-359.403045,110.5233,democrat
-248.386155,83.539803,republican
-239.6439279,111.1583157,republican
-366.71496,115.326033,democrat
-246.6950721,115.2602676,republican
-229.209735,108.542691,republican
-230.946471,128.600052,republican
-249.708696,88.65802500000001,republican
-343.786884,132.906297,republican
-279.62802,107.48024999999998,republican
-253.364643,93.95874,republican
-292.9683042,95.6335074,republican
-304.27713300000005,98.0638248,republican
-295.80786,146.68752,republican
-307.035315,121.784136,republican
-282.14661,136.25823,republican
-267.397482,107.456385,republican
-281.327535,123.089811,republican
-255.402135,99.834015,republican
-243.219741,125.344401,republican
-229.535151,124.317855,republican
-258.000426,125.751729,republican
-285.7691913,97.0208694,republican
-301.175478,123.14713799999998,republican
-361.387995,104.809101,republican
-209.86833,136.510938,republican
-250.982094,109.504716,republican
-239.9004288,116.799873,republican
-289.540578,121.36809,republican
-277.333878,104.686578,republican
-269.3244294,134.6742108,republican
-364.333287,115.132233,democrat
-288.242763,122.251659,republican
-252.586254,108.350193,republican
-237.4451103,112.7992644,republican
-252.448455,117.156162,republican
-213.266682,125.245764,democrat
-254.605056,112.854312,republican
-233.992563,109.521027,republican
-269.35782600000005,108.629748,republican
-305.082576,121.59117,republican
-331.9515069,118.8071751,republican
-252.672054,121.683927,republican
-345.043194,108.64239,democrat
-361.662321,114.573204,republican
-227.540571,129.16353600000002,republican
-277.333878,104.686578,republican
-250.689744,110.350257,republican
-246.499602,124.352973,democrat
-241.352802,113.883525,republican
-244.373613,95.422374,democrat
-315.99003,107.92260000000002,democrat
-283.795749,117.307212,democrat
-224.057064,128.524353,republican
-332.43561,101.368854,republican
-282.65993100000003,107.98209,republican
-259.701564,93.532089,republican
-238.8534261,111.4145952,democrat
-277.333878,104.686578,republican
-304.695969,144.77436,republican
-236.109312,118.836939,republican
-274.677489,116.010909,republican
-261.22100520000004,106.8857976,republican
-287.242677,146.307732,republican
-275.4252,128.656329,republican
-267.1207524,131.3914836,republican
-263.23758300000003,114.833469,republican
-294.3754395,87.4769883,republican
-255.911289,138.503604,republican
-289.563729,119.348127,republican
-249.831111,94.812918,republican
-249.653316,111.723846,republican
-281.348688,144.736122,republican
-213.8112,125.035134,democrat
-222.380748,122.565309,democrat
-251.774778,111.609435,republican
-299.1220863,100.7614155,republican
-268.4203386,138.1148058,republican
-265.923633,127.323387,republican
-301.55319,110.502339,republican
-265.3806015,133.24809,republican
-294.696858,142.369002,republican
-294.6213123,80.96395679999999,democrat
-367.58157,114.402204,democrat
-236.693832,107.99772,democrat
-263.51750100000004,115.337463,republican
-277.333878,104.686578,democrat
-252.389637,123.073599,republican
-277.333878,104.686578,republican
-224.73882000000003,125.836098,democrat
-278.353398,130.045692,republican
-223.011966,127.966707,republican
-302.824581,141.257475,republican
-259.77324,91.842975,republican
-274.713594,131.344293,republican
-246.000492,99.180543,democrat
-314.989659,119.280567,democrat
-275.530254,117.643443,republican
-272.243934,119.34741,republican
-302.3232186,102.1186377,republican
-343.786884,132.906297,democrat
-250.267263,105.467487,republican
-239.6439279,111.1583157,democrat
-248.49051,115.71939,republican
-301.6256883,92.6373666,republican
-248.692128,92.142024,republican
-284.3719659,96.154131,republican
-358.02756,137.75205,republican
-244.385961,122.797518,republican
-271.91917920000003,131.8250265,republican
-299.596269,116.763906,republican
-307.631223,111.92934,republican
-245.08047900000005,83.861058,republican
-240.2278926,111.7133019,democrat
-242.051805,104.153745,republican
-285.242409,118.924986,republican
-225.437037,119.168625,republican
-275.2643574,133.2220974,republican
-361.863669,122.145861,republican
-299.18059800000003,124.181679,republican
-278.278542,130.998747,republican
-261.347574,118.181784,republican
-349.377033,113.897592,republican
-367.599861,124.763958,republican
-247.643016,128.628705,republican
-263.863368,117.880446,republican
-309.853728,103.326909,republican
-353.308326,100.920906,democrat
-239.267085,105.013908,republican
-220.132302,132.820236,republican
-294.115365,111.873954,republican
-248.832798,131.884611,republican
-278.992656,103.931064,republican
-279.61806,111.06267,republican
-267.848073,106.760034,democrat
-367.252443,113.329938,democrat
-273.803712,90.645699,republican
-237.1759284,115.5513744,democrat
-219.847224,123.525519,democrat
-253.81407,129.876978,republican
-367.611624,133.466694,republican
-228.653364,122.111046,republican
-268.004088,140.21421,republican
-244.440321,94.901487,republican
-277.333878,104.686578,democrat
-245.595108,89.95975200000001,republican
-296.4602166,98.0834379,republican
-254.256933,95.287953,democrat
-212.341728,127.88343,democrat
-338.678607,135.401589,republican
-223.901277,118.408068,democrat
-292.46044500000005,106.770153,republican
-283.07487,122.10996,republican
-248.064036,100.257507,democrat
-224.822184,118.109511,democrat
-303.38538930000004,89.7459858,democrat
-224.59467,120.21366,democrat
-355.7803932,140.9170899,republican
-320.011272,145.04955,republican
-264.82079400000003,96.347817,republican
-234.041949,114.7471047,republican
-281.667204,98.826243,republican
-231.8615871,111.9112701,democrat
-289.26714000000004,121.709274,democrat
-245.758749,106.208241,republican
-255.641055,102.79107,republican
-270.073935,111.955281,republican
-260.59287900000004,122.25285,republican
-314.87978400000003,113.063445,republican
-269.1978648,135.97968930000002,republican
-243.48537600000003,87.173307,republican
-237.191715,106.860456,republican
-214.27455300000003,125.45505,democrat
-303.250158,118.073139,republican
-329.9717733,128.210781,republican
-292.46044500000005,106.770153,republican
-246.888393,122.480895,republican
-249.88374,133.972527,republican
-292.46044500000005,106.770153,republican
-253.89153,125.76015,republican
-254.140077,93.48753,republican
-260.3135025,106.4444796,republican
-276.45700800000003,104.012712,republican
-253.481823,100.238151,republican
-229.9036953,111.7833804,democrat
-352.5884307,139.3814061,republican
-337.926408,139.205577,democrat
-317.453865,114.195852,republican
-329.507679,96.131679,republican
-283.211712,90.9148926,republican
-258.206154,118.407516,republican
-320.67426,102.1752,democrat
-269.23281,122.23761,republican
-265.727526,140.41428000000002,republican
-241.481049,99.44925,republican
-216.77874330000003,134.6042508,democrat
-285.201264,146.874312,republican
-268.646691,94.899993,republican
-247.416147,89.44036799999999,democrat
-259.822455,112.003479,republican
-237.243141,107.38578,republican
-285.720195,134.282025,republican
-249.71553,113.241105,republican
-272.0975088,128.65658309999998,republican
-251.556381,100.266189,democrat
-300.849777,102.1719354,republican
-261.264918,100.403706,republican
-250.314777,95.88816,republican
-290.50764000000004,130.33911,republican
-281.70729900000003,111.569328,republican
-276.263775,133.0737,republican
-277.333878,104.686578,republican
-261.8358,102.566325,republican
-307.7383017,95.6825265,republican
-227.969901,109.112694,republican
-264.714204,104.013615,republican
-260.70581400000003,137.415687,republican
-317.05960500000003,117.82779,democrat
-324.759882,106.752186,democrat
-370.71486,127.160949,republican
-319.33425,138.82332,republican
-281.495157,122.229003,republican
-284.9558574,98.9169384,republican
-277.333878,104.686578,democrat
-292.310121,114.150432,republican
-277.7025354,119.52487589999998,republican
-297.616086,136.23504,republican
-240.388545,104.266692,republican
-241.62604500000003,103.801251,republican
-263.892603,98.533491,democrat
-300.7693596,107.4880428,republican
-289.4956368,96.0838575,republican
-346.603287,122.716749,republican
-282.90402,112.00848,republican
-277.402593,123.68215800000002,republican
-210.904182,125.091939,democrat
-292.45344,125.643138,republican
-301.9610331,103.51099109999998,republican
-251.445522,102.956502,republican
-254.364063,97.042335,republican
-280.425684,135.018363,democrat
-293.91195300000004,103.181067,republican
-253.65717,117.977142,republican
-318.865446,107.548542,democrat
-299.224716,107.125662,republican
-296.5191147,93.366804,republican
-270.904797,125.697528,republican
-246.078681,98.177991,republican
-267.75399600000003,100.037892,republican
-242.5374777,112.8880878,republican
-256.161624,124.965405,republican
-285.276975,119.944371,republican
-286.16727,126.129357,republican
-255.84414,111.316677,republican
-276.266157,119.392593,republican
-335.387127,143.52711599999998,republican
-294.093171,123.50937,republican
-289.032819,124.028142,republican
-294.613284,143.756001,republican
-248.173251,124.197387,republican
-271.338219,115.922064,democrat
-290.365551,125.747595,republican
-204.76089,133.58772,democrat
-265.0377,125.19174,republican
-246.041409,118.017837,democrat
-352.5858516,140.8286493,democrat
-250.61217,103.47531,democrat
-348.84324000000004,140.922999,republican
-265.949691,110.170032,republican
-247.179432,82.426668,republican
-344.589111,112.903815,republican
-251.26959,95.760804,republican
-233.0115024,117.2953758,democrat
-250.992231,121.981245,republican
-254.8041792,106.8371589,republican
-361.961574,115.330647,republican
-248.456316,112.37113200000002,republican
-257.811072,125.15619,republican
-279.559878,119.316507,republican
-287.0248458,100.1780679,republican
-271.433313,118.911006,republican
-270.484593,113.657535,republican
-227.7797037,112.1065299,democrat
-283.84139400000004,131.934327,republican
-301.355148,113.233539,republican
-265.425108,97.272921,republican
-261.402276,111.641448,republican
-265.644471,141.316008,republican
-277.184712,128.319942,republican
-221.272197,126.426204,republican
-288.904737,102.276246,republican
-282.3904956,95.3149092,republican
-260.21292,124.612755,republican
-343.786884,132.906297,republican
-331.9141089,131.7417642,democrat
-237.26235000000003,119.970135,republican
-233.4516513,113.0071053,republican
-240.39756900000003,125.95789200000002,republican
-255.719913,94.550934,republican
-245.916177,93.789,republican
-223.22229,121.318863,democrat
-259.34616300000005,93.731961,republican
-277.28334,139.98918,democrat
-300.992958,142.744077,republican
-242.23193730000003,110.2097448,republican
-270.611919,100.224534,republican
-293.00931,114.0717,republican
-361.86366,105.796719,democrat
-234.7686003,110.8335837,republican
-351.8335893,145.5566013,republican
-301.0372908,89.7349851,republican
-327.698868,141.665448,republican
-253.70562,99.696468,republican
-253.957335,111.752733,republican
-233.0225253,114.5642808,republican
-243.67527870000004,113.2480443,republican
-211.916151,125.658621,democrat
-258.0392724,109.5713718,republican
-262.4850771,106.5874491,republican
-277.333878,104.686578,republican
-276.964182,89.419914,republican
-286.8774597,95.3457726,republican
-274.235112,142.551333,democrat
-335.200416,145.935375,republican
-295.5314343,88.27919610000001,democrat
-257.197179,111.637143,republican
-305.4555021,115.3711065,republican
-224.7822,116.87784,republican
-349.900623,141.655353,republican
-290.118624,108.920928,republican
-268.10585100000003,123.868182,republican
-296.9714166,95.2575552,republican
-299.469618,121.527285,republican
-256.4081883,99.7955289,republican
-293.2455288,82.1949387,democrat
-286.5197832,90.905847,republican
-320.415333,118.822203,democrat
-235.93176,125.8677,republican
-248.387403,89.170368,republican
-256.71013800000003,132.994125,republican
-283.174041,121.649142,republican
-235.306476,123.112689,republican
-277.81077600000003,120.571998,republican
-267.887787,110.478792,republican
-301.1435766,98.1272646,republican
-257.940084,131.902899,republican
-297.9922848,98.1266256,republican
-310.503999,145.067295,republican
-263.08092,118.17429,republican
-364.56438,137.1162,democrat
-221.17926,121.846305,republican
-278.988195,97.067322,republican
-239.617593,116.42579940000002,republican
-264.600171,97.792443,democrat
-277.750926,115.899111,republican
-276.342693,96.30366,republican
-299.695221,114.262479,republican
-274.122147,116.205135,republican
-301.4562,145.090914,republican
-253.121433,127.81060200000002,democrat
-305.437776,99.4422771,republican
-292.46044500000005,106.770153,republican
-334.45328700000005,132.654273,republican
-289.024002,108.795933,republican
-336.160053,98.872935,republican
-271.016943,104.078676,democrat
-277.71207,90.78729,republican
-243.858759,88.424673,republican
-261.077586,101.46165,democrat
-262.189251,108.424383,republican
-240.2278926,111.7133019,republican
-252.440067,99.223323,republican
-323.0112264,131.7926052,republican
-292.942662,139.347828,republican
-254.60150700000003,101.76309,republican
-281.910159,119.888517,republican
-242.964129,120.01202700000002,republican
-292.2402843,78.3873567,democrat
-231.8223363,110.7290691,democrat
-266.140128,95.921289,republican
-243.1918041,110.7355203,republican
-254.261787,102.792993,republican
-248.201547,96.315774,republican
-252.304416,96.982437,republican
-230.687772,111.3356334,democrat
-255.448404,129.938346,republican
-254.720169,93.972573,republican
-253.01409,130.878396,republican
-255.605529,105.490416,republican
-244.030065,97.085064,republican
-233.045064,106.445877,republican
-290.7786378,93.6962823,republican
-247.332204,108.3216525,republican
-289.1808342,90.6679056,republican
-215.83191,130.67604,democrat
-221.566161,129.318405,republican
-265.834059,106.260759,republican
-229.831428,117.900096,democrat
-311.178789,124.61925,republican
-254.24656500000003,114.129309,republican
-340.282068,139.187865,republican
-278.105865,106.186605,republican
-287.4876495,97.6126926,republican
-292.46044500000005,106.770153,republican
-244.943061,104.101389,republican
-280.651485,132.196641,republican
-253.418775,118.275411,democrat
-274.213212,94.411806,democrat
-248.943285,120.86965800000002,republican
-369.010548,134.304075,republican
-244.6255359,110.5320447,republican
-288.159888,127.17966,republican
-265.94346,97.25208,republican
-282.615624,106.258599,republican
-298.706637,118.992984,republican
-270.4003179,128.9197371,democrat
-302.4174102,107.4929256,republican
-274.870092,118.268499,republican
-361.7547915,141.3172413,republican
-298.1655831,93.5098812,republican
-277.755846,103.456428,republican
-258.640665,92.461392,republican
-242.043168,107.267157,republican
-313.6085706,131.5193595,republican
-298.51695,105.65682,republican
-264.0501279,133.3150494,republican
-303.142959,127.713969,republican
-252.96087900000003,107.2470069,republican
-297.927552,115.570788,republican
-284.1174,112.57932,republican
-253.5910572,105.3808389,republican
-256.637151,109.637247,republican
-304.1300058,91.9552131,republican
-254.545332,90.866688,republican
-288.685008,106.786104,republican
-267.5246457,109.06680930000002,republican
-250.85319,129.33759,democrat
-333.3700188,122.4962556,democrat
-277.004592,99.227889,republican
-309.265332,113.769093,republican
-215.638245,126.795825,democrat
-312.99561600000004,119.622975,democrat
-245.830518,119.898138,republican
-264.93716670000003,129.1867608,republican
-285.848004,115.693011,republican
-275.927031,89.918115,republican
-308.36811,116.28333,republican
-294.616311,116.089737,republican
-365.5866366,142.4620128,democrat
-290.51174100000003,111.703521,republican
-238.680954,120.871041,republican
-275.363862,115.493133,republican
-299.49619110000003,92.5720686,republican
-318.07944000000003,111.303402,republican
-298.68201,116.81421,republican
-280.84563,114.977568,republican
-235.4114469,114.8863509,republican
-290.902794,127.440891,republican
-223.790202,123.728106,republican
-360.803661,113.765082,republican
-233.7337965,112.6594866,republican
-282.5113488,89.504316,republican
-326.86356,101.45682,republican
-251.6397,94.441371,republican
-343.786884,132.906297,republican
-259.651176,99.240564,republican
-247.25466,122.11518,democrat
-269.756661,100.322385,republican
-281.39256,101.009751,republican
-319.055478,114.543618,democrat
-248.778951,97.17966,republican
-266.77263,114.90234,republican
-306.77769420000004,103.4857608,republican
-254.238171,116.764749,republican
-269.111421,102.091998,republican
-302.639856,112.664937,republican
-283.27065000000005,107.84859,republican
-261.796791,112.580124,republican
-296.5892688,96.8935782,republican
-256.548378,101.015892,republican
-265.698456,99.319818,democrat
-296.35429800000003,127.377861,republican
-245.962572,101.303424,republican
-256.593216,102.696948,republican
-295.04853,115.06503,republican
-328.7312865,120.5829597,republican
-294.51000480000005,92.3291817,republican
-313.448502,94.3867875,democrat
-278.134605,93.268893,republican
-295.511208,111.415683,republican
-255.089043,116.477565,republican
-213.60468,131.603322,republican
-272.240358,109.84184100000002,republican
-280.480041,126.210072,democrat
-290.3760699,97.0043487,republican
-287.491224,120.398055,republican
-245.58509100000003,118.874838,republican
-292.480056,111.709986,republican
-365.40651,110.0532,democrat
-240.114339,79.802985,democrat
-238.40013,126.62934,republican
-361.16937,128.365203,republican
-243.381003,103.187007,democrat
-235.446702,114.5920644,democrat
-298.3383294,95.3300589,republican
-256.035867,103.422537,republican
-253.253913,96.776301,republican
-277.986909,97.80546900000002,republican
-342.156177,144.886266,republican
-240.5972478,112.4280675,republican
-253.75188000000003,113.619873,republican
-283.367652,109.637964,republican
-229.589286,115.568157,republican
-249.18462,104.246298,republican
-253.315758,95.29845,republican
-231.165786,124.031646,republican
-238.0230414,116.0585472,republican
-305.8728144,98.2232286,republican
-266.515371,113.869227,republican
-276.471009,112.452756,republican
-331.4145459,120.8881299,republican
-351.6135537,138.50342369999998,republican
-243.43878,125.305485,republican
-234.837498,117.6381093,republican
-358.827057,116.715387,republican
-273.403776,123.031773,republican
-273.8841774,135.2221755,republican
-289.206678,136.259775,republican
-321.825888,138.681339,republican
-294.80723609999995,89.3939112,republican
-258.658047,129.164907,republican
-290.3370207,98.2861215,democrat
-363.24558,109.529055,democrat
-273.970728,128.52295500000002,republican
-331.7035557,123.7895565,republican
-299.398347,112.763517,republican
-221.973963,128.640105,democrat
-232.6285671,110.05616220000002,democrat
-262.5989241,134.2847775,republican
-365.522181,109.72455,democrat
-290.84265300000004,136.87019099999998,republican
-246.748824,100.656225,republican
-255.271644,128.920281,republican
-235.7672679,116.56967699999998,republican
-287.901231,119.882781,republican
-277.721385,132.32406,republican
-229.724904,120.574446,republican
-270.43614,109.36017,democrat
-250.5875703,107.4141195,republican
-207.115545,132.126135,democrat
-256.884309,116.988687,republican
-247.591269,106.828113,democrat
-233.592612,102.550338,republican
-257.3389878,107.0669259,republican
-342.0553329,101.3771484,republican
-250.288335,93.457548,republican
-292.46044500000005,106.770153,republican
-300.006321,137.356725,republican
-260.89707300000003,107.672238,republican
-292.46044500000005,106.770153,republican
-367.1530713,139.767711,republican
-299.19304739999995,101.8506951,republican
-229.995675,123.087852,republican
-242.83608300000003,82.260948,republican
-245.5020369,114.2428011,democrat
-255.684741,114.717033,republican
-299.9339766,95.4847653,republican
-242.501496,105.740586,democrat
-246.571119,87.881589,republican
-273.695796,97.04063399999998,democrat
-274.918773,130.176582,democrat
-239.0708274,118.3905588,republican
-291.77061000000003,127.81368,republican
-291.865755,146.57691,republican
-316.460292,121.974279,democrat
-280.003632,115.185906,republican
-239.794965,102.953214,republican
-305.7313065,107.4468363,republican
-291.162858,119.343321,republican
-277.568802,125.053926,republican
-216.744549,128.77638000000002,democrat
-258.075783,119.51595600000002,republican
-253.867326,111.156066,republican
-226.92283200000003,129.143265,republican
-302.2842345,100.8510168,republican
-274.72188900000003,126.170814,republican
-271.4747622,135.6171318,republican
-266.567724,119.600109,republican
-307.8580284,106.1722953,republican
-256.355727,110.338515,republican
-255.007215,124.930401,republican
-371.778528,122.119965,democrat
-268.704294,111.143379,republican
-214.860846,124.190376,democrat
-292.0705869,97.1298213,republican
-277.333878,104.686578,republican
-320.666049,108.063285,democrat
-219.44731080000005,132.0856854,democrat
-274.204617,119.050968,republican
-324.269226,139.54594500000002,republican
-293.67404700000003,127.903215,republican
-266.1282,111.091716,republican
-222.309054,122.135106,democrat
-241.6972773,121.5214587,republican
-273.584883,119.958159,republican
-277.333878,104.686578,republican
-354.792498,118.61312999999998,republican
-253.56189,138.965457,republican
-278.487993,101.556981,republican
-291.30402300000003,122.74746,republican
-297.032409,116.556975,republican
-277.333878,104.686578,republican
-241.9850838,119.564583,republican
-300.7359033,99.4715226,republican
-348.614532,101.13295200000002,republican
-283.414455,142.344822,republican
-252.435345,113.910942,republican
-252.19269,115.540419,republican
-245.7450444,115.4819061,republican
-251.765283,91.190694,republican
-255.94365,127.748433,republican
-231.072381,109.001298,republican
-256.204344,106.0784172,republican
-257.48372700000004,101.311548,republican
-293.770506,129.74538,republican
-235.2422835,109.1242269,democrat
-226.826304,124.309908,democrat
-250.997841,123.000651,republican
-286.747029,100.9150656,republican
-286.925943,110.331624,republican
-264.1228722,136.1504949,republican
-271.84039199999995,120.470715,republican
-366.333378,111.158244,democrat
-346.9605,140.01771,republican
-267.953553,104.751945,republican
-262.74226380000005,129.05409749999998,democrat
-288.62424,124.1925,republican
-275.102667,132.089925,republican
-280.480041,126.210072,republican
-366.794337,113.311689,democrat
-247.399932,98.66742,republican
-306.2924643,90.5972214,republican
-253.54647900000003,113.013576,republican
-265.743327,104.659707,republican
-231.99882,118.330653,republican
-231.8510547,116.4469068,democrat
-307.8437433,107.5255314,republican
-259.695423,121.75494,republican
-300.6536916,100.764534,republican
-242.375598,125.567823,republican
